id;created_at;open;close;high;low;volume;reversal;best_bid_price;best_bid_quantity;best_ask_price;best_ask_quantity;spread;spread_percentage;bid_liquidity;ask_liquidity;total_liquidity;imbalance;weighted_mid_price
4823;2025-09-07 15:46:09.411369+00;111320.00;111310.00;111320.00;111310.00;2048788.84;-1;111316.99;0.62;111317.00;12.04;0.01;0.0000;69388.33;1346055.23;1415443.56;-90.1955;111316.99
4824;2025-09-07 15:46:09.425725+00;111310.00;111300.00;111310.00;111300.00;18.92;;111316.99;0.62;111317.00;12.04;0.01;0.0000;69388.33;1346055.23;1415443.56;-90.1955;111316.99
4825;2025-09-07 15:46:09.495984+00;111300.00;111290.00;111300.00;111290.00;42544.28;;111316.99;0.62;111317.00;12.04;0.01;0.0000;69388.33;1346055.23;1415443.56;-90.1955;111316.99
4826;2025-09-07 15:46:26.306562+00;111290.00;111280.00;111290.00;111280.00;120246.49;;111288.00;0.85;111288.01;10.15;0.01;0.0000;94757.28;1308999.94;1403757.22;-86.4995;111288.00
4827;2025-09-07 15:46:38.586636+00;111280.00;111270.00;111280.00;111270.00;44419.74;;111276.68;0.53;111276.69;9.97;0.01;0.0000;59520.78;1523272.82;1582793.60;-92.4790;111276.68
4828;2025-09-07 15:59:01.768022+00;111270.00;111280.00;111280.00;111270.00;3098980.24;1;111276.63;8.37;111276.64;1.05;0.01;0.0000;938602.78;150100.12;1088702.90;72.4259;111276.64
4829;2025-09-07 15:59:01.769034+00;111280.00;111290.00;111290.00;111280.00;11.13;;111276.63;8.37;111276.64;1.05;0.01;0.0000;938602.78;150100.12;1088702.90;72.4259;111276.64
4830;2025-09-07 15:59:01.916946+00;111290.00;111300.00;111300.00;111290.00;13643.63;;111295.56;9.39;111295.57;0.99;0.01;0.0000;1044840.49;109980.06;1154820.55;80.9529;111295.57
4831;2025-09-07 15:59:41.972727+00;111300.00;111310.00;111310.00;111300.00;198315.24;;111299.99;13.61;111300.00;1.17;0.01;0.0000;1517553.10;130829.81;1648382.91;84.1263;111300.00
4832;2025-09-07 15:59:44.919792+00;111310.00;111320.00;111320.00;111310.00;31138.63;;111315.61;14.14;111315.62;0.09;0.01;0.0000;1720410.55;16369.00;1736779.54;98.1150;111315.62
4833;2025-09-07 15:59:46.279552+00;111320.00;111330.00;111330.00;111320.00;30399.70;;111320.89;13.96;111320.90;0.16;0.01;0.0000;1564094.11;22550.28;1586644.39;97.1575;111320.90
4834;2025-09-07 16:00:17.381447+00;111330.00;111340.00;111340.00;111330.00;755754.33;;111325.10;13.13;111325.11;0.98;0.01;0.0000;1461465.89;110261.96;1571727.86;85.9693;111325.11
4835;2025-09-07 16:00:18.439778+00;111340.00;111350.00;111350.00;111340.00;37472.82;;111343.90;14.06;111343.91;0.18;0.01;0.0000;1639695.58;19662.22;1659357.80;97.6301;111343.91
4836;2025-09-07 16:00:55.235003+00;111350.00;111360.00;111360.00;111350.00;186697.76;;111354.69;7.50;111354.70;0.85;0.01;0.0000;925860.73;104976.30;1030837.03;79.6328;111354.70
4837;2025-09-07 16:00:58.470299+00;111360.00;111370.00;111370.00;111360.00;61523.80;;111367.83;12.28;111367.84;0.76;0.01;0.0000;1682215.50;90164.54;1772380.03;89.8256;111367.84
4838;2025-09-07 16:05:41.768221+00;111350.00;111340.00;111350.00;111340.00;30038.26;;111328.46;0.39;111328.47;11.01;0.01;0.0000;43586.21;1225985.85;1269572.06;-93.1337;111328.46
4839;2025-09-07 16:05:41.775928+00;111370.00;111360.00;111370.00;111360.00;6543790.51;-1;111328.46;0.39;111328.47;11.01;0.01;0.0000;43586.21;1225985.85;1269572.06;-93.1337;111328.46
4840;2025-09-07 16:05:41.773022+00;111360.00;111350.00;111360.00;111350.00;10.02;;111328.46;0.39;111328.47;11.01;0.01;0.0000;43586.21;1225985.85;1269572.06;-93.1337;111328.46
4841;2025-09-07 16:05:41.981017+00;111340.00;111330.00;111340.00;111330.00;159503.91;;111328.46;0.39;111328.47;11.01;0.01;0.0000;43586.21;1225985.85;1269572.06;-93.1337;111328.46
4842;2025-09-07 16:07:33.254286+00;111330.00;111320.00;111330.00;111320.00;320615.98;;111321.65;2.19;111321.66;9.51;0.01;0.0000;249405.02;1058267.12;1307672.14;-61.8551;111321.65
4843;2025-09-07 16:07:33.428691+00;111320.00;111310.00;111320.00;111310.00;4891.25;;111321.65;2.19;111321.66;9.51;0.01;0.0000;249405.02;1058267.12;1307672.14;-61.8551;111321.65
4844;2025-09-07 16:07:45.540948+00;111310.00;111320.00;111320.00;111310.00;778371.38;1;111336.50;6.89;111336.51;0.00;0.01;0.0000;1242488.86;164.78;1242653.64;99.9735;111336.51
4845;2025-09-07 16:07:45.659092+00;111320.00;111330.00;111330.00;111320.00;5.57;;111336.50;6.89;111336.51;0.00;0.01;0.0000;1242488.86;164.78;1242653.64;99.9735;111336.51
4846;2025-09-07 16:08:28.431104+00;111320.00;111310.00;111320.00;111310.00;11.13;;111314.00;0.61;111314.01;15.38;0.01;0.0000;67924.92;1853592.22;1921517.13;-92.9301;111314.00
4847;2025-09-07 16:08:28.431079+00;111330.00;111320.00;111330.00;111320.00;190520.73;-1;111314.00;0.61;111314.01;15.38;0.01;0.0000;67924.92;1853592.22;1921517.13;-92.9301;111314.00
4848;2025-09-07 16:10:06.61922+00;111310.00;111300.00;111310.00;111300.00;400126.10;;111302.21;0.45;111302.22;10.21;0.01;0.0000;50456.63;1146125.80;1196582.43;-91.5665;111302.21
4849;2025-09-07 16:11:38.993801+00;111300.00;111290.00;111300.00;111290.00;424372.62;;111300.00;0.05;111300.01;9.63;0.01;0.0000;11364.84;1083210.75;1094575.60;-97.9234;111300.00
4850;2025-09-07 16:13:21.203011+00;111290.00;111280.00;111290.00;111280.00;198246.19;;111280.81;0.13;111280.82;18.68;0.01;0.0000;18489.29;2083152.47;2101641.77;-98.2405;111280.81
4851;2025-09-07 16:13:22.829047+00;111280.00;111270.00;111280.00;111270.00;25204.55;;111270.94;0.35;111270.95;15.02;0.01;0.0000;38843.57;1671478.83;1710322.40;-95.4577;111270.94
4852;2025-09-07 16:14:05.132302+00;111270.00;111260.00;111270.00;111260.00;74567.72;;111265.00;0.09;111265.01;17.18;0.01;0.0000;11233.31;1915916.76;1927150.07;-98.8342;111265.00
4853;2025-09-07 16:14:16.276923+00;111260.00;111250.00;111260.00;111250.00;117092.45;;111252.57;0.87;111252.58;15.06;0.01;0.0000;101595.82;1678393.15;1779988.97;-88.5847;111252.57
4854;2025-09-07 16:14:24.421304+00;111250.00;111240.00;111250.00;111240.00;233138.44;;111246.73;0.38;111246.74;8.25;0.01;0.0000;42743.22;922898.52;965641.74;-91.1472;111246.73
4855;2025-09-07 16:14:28.448892+00;111240.00;111230.00;111240.00;111230.00;93596.55;;111235.61;0.10;111235.62;13.46;0.01;0.0000;11710.88;1498584.07;1510294.96;-98.4492;111235.61
4857;2025-09-07 16:14:58.683042+00;111230.00;111240.00;111240.00;111230.00;396928.79;1;111229.72;3.86;111229.73;5.06;0.01;0.0000;434291.96;605150.92;1039442.88;-16.4376;111229.72
4856;2025-09-07 16:14:58.685306+00;111240.00;111250.00;111250.00;111240.00;5.56;;111229.72;3.86;111229.73;5.06;0.01;0.0000;434291.96;605150.92;1039442.88;-16.4376;111229.72
4858;2025-09-07 16:15:16.469629+00;111250.00;111260.00;111260.00;111250.00;254706.88;;111259.98;8.40;111259.99;0.25;0.01;0.0000;978571.27;30575.36;1009146.62;93.9404;111259.99
4859;2025-09-07 16:15:16.593523+00;111260.00;111270.00;111270.00;111260.00;8709.79;;111259.98;8.40;111259.99;0.25;0.01;0.0000;978571.27;30575.36;1009146.62;93.9404;111259.99
4860;2025-09-07 16:15:26.792504+00;111270.00;111280.00;111280.00;111270.00;140880.29;;111276.30;10.76;111276.31;0.85;0.01;0.0000;1204411.27;100049.65;1304460.92;84.6604;111276.31
4861;2025-09-07 16:15:31.91588+00;111280.00;111290.00;111290.00;111280.00;84133.41;;111282.75;13.76;111282.76;0.91;0.01;0.0000;1650064.58;106460.88;1756525.46;87.8782;111282.76
4862;2025-09-07 16:16:14.775161+00;111280.00;111270.00;111280.00;111270.00;160.23;;111277.18;0.79;111277.19;9.43;0.01;0.0000;89733.92;1054410.35;1144144.27;-84.3142;111277.18
4863;2025-09-07 16:16:14.772574+00;111290.00;111280.00;111290.00;111280.00;350673.84;-1;111277.18;0.79;111277.19;9.43;0.01;0.0000;89733.92;1054410.35;1144144.27;-84.3142;111277.18
4864;2025-09-07 16:16:15.21342+00;111270.00;111260.00;111270.00;111260.00;7033.21;;111265.50;0.00;111265.51;11.56;0.01;0.0000;201.39;1323625.75;1323827.14;-99.9696;111265.50
4865;2025-09-07 16:16:43.517112+00;111260.00;111250.00;111260.00;111250.00;33146.32;;111257.29;0.09;111257.30;16.83;0.01;0.0000;10496.01;1893837.48;1904333.49;-98.8977;111257.29
4866;2025-09-07 16:16:48.105364+00;111250.00;111240.00;111250.00;111240.00;19800.18;;111236.02;0.90;111236.03;8.31;0.01;0.0000;100768.71;1014029.97;1114798.68;-81.9216;111236.02
4867;2025-09-07 16:18:46.652164+00;111240.00;111230.00;111240.00;111230.00;303388.35;;111231.78;3.43;111231.79;7.98;0.01;0.0000;385107.78;896417.00;1281524.78;-39.8985;111231.78
4868;2025-09-07 16:18:46.745726+00;111230.00;111220.00;111230.00;111220.00;115241.64;;111231.78;3.43;111231.79;7.98;0.01;0.0000;385107.78;896417.00;1281524.78;-39.8985;111231.78
4869;2025-09-07 16:18:47.228261+00;111220.00;111210.00;111220.00;111210.00;164375.09;;111231.78;3.43;111231.79;7.98;0.01;0.0000;385107.78;896417.00;1281524.78;-39.8985;111231.78
4870;2025-09-07 16:33:52.85706+00;111210.00;111200.00;111210.00;111200.00;2858026.54;;111200.10;0.07;111200.11;10.85;0.01;0.0000;49894.34;1268922.32;1318816.66;-92.4335;111200.10
4871;2025-09-07 16:34:22.369386+00;111200.00;111190.00;111200.00;111190.00;57918.27;;111200.00;0.16;111200.01;14.65;0.01;0.0000;18204.55;1659854.78;1678059.33;-97.8303;111200.00
4872;2025-09-07 16:35:15.511937+00;111190.00;111180.00;111190.00;111180.00;626382.87;;111183.04;0.18;111183.05;14.62;0.01;0.0000;20026.29;6314579.92;6334606.21;-99.3677;111183.04
4873;2025-09-07 16:35:49.286498+00;111180.00;111170.00;111180.00;111170.00;363528.60;;111173.00;0.94;111173.01;6.29;0.01;0.0000;105407.57;704546.72;809954.29;-73.9720;111173.00
4874;2025-09-07 16:36:15.669452+00;111170.00;111160.00;111170.00;111160.00;1020926.47;;111164.92;0.00;111164.93;4.86;0.01;0.0000;884.87;874551.29;875436.15;-99.7978;111164.92
4875;2025-09-07 16:37:10.360924+00;111160.00;111170.00;111170.00;111160.00;3898172.01;1;111171.99;7.56;111172.00;1.18;0.01;0.0000;847139.39;130728.27;977867.65;73.2626;111172.00
4876;2025-09-07 16:37:10.359844+00;111170.00;111180.00;111180.00;111170.00;5.56;;111171.99;7.56;111172.00;1.18;0.01;0.0000;847139.39;130728.27;977867.65;73.2626;111172.00
4877;2025-09-07 16:37:29.58023+00;111180.00;111190.00;111190.00;111180.00;108723.25;;111189.40;9.96;111189.41;0.89;0.01;0.0000;1107309.66;98558.29;1205867.95;83.6536;111189.41
4878;2025-09-07 16:37:40.262824+00;111190.00;111200.00;111200.00;111190.00;89635.41;;111196.60;7.61;111196.61;0.01;0.01;0.0000;852554.31;718.33;853272.64;99.8316;111196.61
4879;2025-09-07 16:38:04.858694+00;111200.00;111210.00;111210.00;111200.00;150214.66;;111205.37;7.57;111205.38;0.82;0.01;0.0000;844451.32;91738.88;936190.20;80.4017;111205.38
4880;2025-09-07 16:38:05.477786+00;111210.00;111220.00;111220.00;111210.00;18293.38;;111205.37;7.57;111205.38;0.82;0.01;0.0000;844451.32;91738.88;936190.20;80.4017;111205.38
4881;2025-09-07 16:42:30.077011+00;111220.00;111230.00;111230.00;111220.00;502914.41;;111229.30;10.24;111229.31;1.24;0.01;0.0000;1148897.45;138705.17;1287602.62;78.4553;111229.31
4882;2025-09-07 16:42:30.115791+00;111230.00;111240.00;111240.00;111230.00;31267.19;;111229.30;10.24;111229.31;1.24;0.01;0.0000;1148897.45;138705.17;1287602.62;78.4553;111229.31
4883;2025-09-07 16:45:16.216813+00;111240.00;111250.00;111250.00;111240.00;286250.35;;111245.11;4.42;111245.12;3.63;0.01;0.0000;494968.43;408707.90;903676.33;9.5455;111245.12
4884;2025-09-07 16:45:23.748397+00;111250.00;111260.00;111260.00;111250.00;64484.21;;111258.09;10.62;111258.10;0.77;0.01;0.0000;1191934.58;85676.53;1277611.11;86.5880;111258.10
4885;2025-09-07 16:45:24.158003+00;111260.00;111270.00;111270.00;111260.00;86237.44;;111258.09;10.62;111258.10;0.77;0.01;0.0000;1191934.58;85676.53;1277611.11;86.5880;111258.10
4886;2025-09-07 16:46:43.889248+00;111270.00;111260.00;111270.00;111260.00;257759.87;-1;111254.20;0.61;111254.21;11.47;0.01;0.0000;69225.70;1318034.23;1387259.92;-90.0198;111254.20
4887;2025-09-07 16:46:43.917951+00;111260.00;111250.00;111260.00;111250.00;11.12;;111254.20;0.61;111254.21;11.47;0.01;0.0000;69225.70;1318034.23;1387259.92;-90.0198;111254.20
4888;2025-09-07 16:46:52.565779+00;111250.00;111240.00;111250.00;111240.00;63985.62;;111241.74;0.10;111241.75;15.78;0.01;0.0000;11626.99;1867127.16;1878754.15;-98.7623;111241.74
4889;2025-09-07 16:46:52.732097+00;111240.00;111230.00;111240.00;111230.00;8369.44;;111241.74;0.10;111241.75;15.78;0.01;0.0000;11626.99;1867127.16;1878754.15;-98.7623;111241.74
4890;2025-09-07 16:49:18.710075+00;111230.00;111220.00;111230.00;111220.00;445053.12;;111227.30;0.68;111227.31;12.18;0.01;0.0000;80308.30;1455072.35;1535380.65;-89.5390;111227.30
4891;2025-09-07 16:49:18.711447+00;111220.00;111210.00;111220.00;111210.00;34156.78;;111219.95;0.00;111219.96;1.11;0.01;0.0000;293.62;402054.73;402348.35;-99.8540;111219.95
4892;2025-09-07 16:49:40.374858+00;111210.00;111200.00;111210.00;111200.00;66738.71;;111200.00;0.90;111200.01;9.54;0.01;0.0000;99794.22;1155774.56;1255568.78;-84.1037;111200.00
4893;2025-09-07 16:55:31.715521+00;111210.00;111220.00;111220.00;111210.00;1999.74;;111219.87;10.06;111219.88;1.16;0.01;0.0000;1142326.96;131518.62;1273845.58;79.3509;111219.88
4894;2025-09-07 16:55:31.731246+00;111200.00;111210.00;111210.00;111200.00;675591.67;1;111219.87;10.06;111219.88;1.16;0.01;0.0000;1142326.96;131518.62;1273845.58;79.3509;111219.88
4895;2025-09-07 16:58:31.666931+00;111220.00;111230.00;111230.00;111220.00;217688.07;;111223.99;6.89;111224.00;1.40;0.01;0.0000;773269.19;157602.18;930871.38;66.1388;111224.00
4896;2025-09-07 16:58:33.358206+00;111230.00;111240.00;111240.00;111230.00;18214.74;;111236.12;10.46;111236.13;0.98;0.01;0.0000;1167791.27;128757.13;1296548.40;80.1385;111236.13
4897;2025-09-07 16:59:38.952262+00;111240.00;111230.00;111240.00;111230.00;368015.24;-1;111228.00;0.89;111228.01;13.36;0.01;0.0000;99718.13;1488759.11;1588477.23;-87.4448;111228.00
4898;2025-09-07 16:59:38.954699+00;111230.00;111220.00;111230.00;111220.00;16.68;;111228.00;0.89;111228.01;13.36;0.01;0.0000;99718.13;1488759.11;1588477.23;-87.4448;111228.00
4899;2025-09-07 17:00:01.974315+00;111220.00;111210.00;111220.00;111210.00;46775.36;;111213.89;0.70;111213.90;10.88;0.01;0.0000;90012.02;1218755.32;1308767.34;-86.2448;111213.89
4900;2025-09-07 17:00:27.489197+00;111210.00;111200.00;111210.00;111200.00;202942.13;;111202.01;2.43;111202.02;9.77;0.01;0.0000;277183.24;1090082.27;1367265.51;-59.4544;111202.01
4902;2025-09-07 17:03:48.562722+00;111210.00;111220.00;111220.00;111210.00;5.56;;111219.98;6.02;111219.99;2.02;0.01;0.0000;673374.69;227326.99;900701.68;49.5222;111219.99
4901;2025-09-07 17:03:48.562949+00;111200.00;111210.00;111210.00;111200.00;660639.27;1;111219.98;6.02;111219.99;2.02;0.01;0.0000;673374.69;227326.99;900701.68;49.5222;111219.99
4903;2025-09-07 17:03:49.43975+00;111220.00;111230.00;111230.00;111220.00;15290.92;;111224.19;5.11;111224.20;0.02;0.01;0.0000;1701955.96;2802.85;1704758.81;99.6712;111224.20
4904;2025-09-07 17:06:51.037407+00;111230.00;111220.00;111230.00;111220.00;470392.31;-1;111210.84;0.58;111210.85;11.07;0.01;0.0000;66498.52;1230678.17;1297176.69;-89.7472;111210.84
4905;2025-09-07 17:06:51.038549+00;111220.00;111210.00;111220.00;111210.00;167.93;;111210.84;0.58;111210.85;11.07;0.01;0.0000;66498.52;1230678.17;1297176.69;-89.7472;111210.84
4906;2025-09-07 17:06:59.459155+00;111210.00;111200.00;111210.00;111200.00;91255.84;;111200.69;0.78;111200.70;10.05;0.01;0.0000;87113.51;1119262.85;1206376.36;-85.5578;111200.69
4907;2025-09-07 17:07:05.536124+00;111200.00;111190.00;111200.00;111190.00;63418.28;;111193.47;0.85;111193.48;15.07;0.01;0.0000;95902.14;1680380.33;1776282.47;-89.2019;111193.47
4908;2025-09-07 17:07:09.228965+00;111190.00;111180.00;111190.00;111180.00;61440.02;;111180.46;0.97;111180.47;11.82;0.01;0.0000;109767.35;1316988.26;1426755.61;-84.6130;111180.46
4909;2025-09-07 17:07:09.370929+00;111180.00;111170.00;111180.00;111170.00;23932.56;;111180.46;0.97;111180.47;11.82;0.01;0.0000;109767.35;1316988.26;1426755.61;-84.6130;111180.46
4910;2025-09-07 17:09:11.883364+00;111160.00;111150.00;111160.00;111150.00;150541.26;;111176.07;1.89;111176.08;8.65;0.01;0.0000;217343.62;963030.55;1180374.18;-63.1738;111176.07
4911;2025-09-07 17:09:11.87316+00;111170.00;111160.00;111170.00;111160.00;1310214.98;;111176.07;1.89;111176.08;8.65;0.01;0.0000;217343.62;963030.55;1180374.18;-63.1738;111176.07
4912;2025-09-07 17:09:11.959733+00;111150.00;111140.00;111150.00;111140.00;64885.35;;111176.07;1.89;111176.08;8.65;0.01;0.0000;217343.62;963030.55;1180374.18;-63.1738;111176.07
4913;2025-09-07 17:09:12.105998+00;111140.00;111130.00;111140.00;111130.00;147805.02;;111176.07;1.89;111176.08;8.65;0.01;0.0000;217343.62;963030.55;1180374.18;-63.1738;111176.07
4914;2025-09-07 17:09:15.321443+00;111130.00;111120.00;111130.00;111120.00;236298.49;;111129.92;1.36;111129.93;10.77;0.01;0.0000;156150.87;1202933.71;1359084.58;-77.0212;111129.92
4915;2025-09-07 17:09:15.444297+00;111120.00;111110.00;111120.00;111110.00;286387.91;;111129.92;1.36;111129.93;10.77;0.01;0.0000;156150.87;1202933.71;1359084.58;-77.0212;111129.92
4916;2025-09-07 17:09:15.513926+00;111110.00;111100.00;111110.00;111100.00;85374.12;;111129.92;1.36;111129.93;10.77;0.01;0.0000;156150.87;1202933.71;1359084.58;-77.0212;111129.92
4917;2025-09-07 17:09:50.278042+00;111110.00;111120.00;111120.00;111110.00;5.56;;111118.91;8.51;111118.92;0.96;0.01;0.0000;951383.40;108833.20;1060216.61;79.4696;111118.92
4918;2025-09-07 17:09:50.301156+00;111100.00;111110.00;111110.00;111100.00;727696.43;1;111118.91;8.51;111118.92;0.96;0.01;0.0000;951383.40;108833.20;1060216.61;79.4696;111118.92
4919;2025-09-07 17:11:10.825825+00;111120.00;111130.00;111130.00;111120.00;139132.67;;111121.32;6.47;111121.33;0.07;0.01;0.0000;773454.14;11952.21;785406.36;96.9564;111121.33
4920;2025-09-07 17:11:14.826213+00;111130.00;111140.00;111140.00;111130.00;63003.50;;111134.79;10.91;111134.80;0.89;0.01;0.0000;1218424.00;104972.44;1323396.45;84.1359;111134.80
4921;2025-09-07 17:13:17.019929+00;111140.00;111130.00;111140.00;111130.00;403050.41;-1;111123.67;1.07;111123.68;13.70;0.01;0.0000;124256.26;1538505.15;1662761.41;-85.0542;111123.67
4922;2025-09-07 17:13:17.018708+00;111130.00;111120.00;111130.00;111120.00;5.56;;111123.67;1.07;111123.68;13.70;0.01;0.0000;124256.26;1538505.15;1662761.41;-85.0542;111123.67
4923;2025-09-07 17:13:28.139392+00;111120.00;111110.00;111120.00;111110.00;34438.65;;111113.08;1.68;111113.09;10.18;0.01;0.0000;187142.20;1142590.37;1329732.57;-71.8527;111113.08
4924;2025-09-07 17:14:05.411189+00;111110.00;111100.00;111110.00;111100.00;166039.67;;111100.00;9.88;111100.01;12.24;0.01;0.0000;1105311.66;1592848.64;2698160.31;-18.0692;111100.00
4925;2025-09-07 17:14:38.762132+00;111100.00;111090.00;111100.00;111090.00;1107086.39;;111100.00;9.73;111100.01;11.83;0.01;0.0000;1081890.69;1421130.23;2503020.92;-13.5532;111100.00
4926;2025-09-07 17:15:03.40969+00;111090.00;111080.00;111090.00;111080.00;37409.14;;111080.20;0.46;111080.21;17.08;0.01;0.0000;67628.93;1902098.64;1969727.57;-93.1332;111080.20
4927;2025-09-07 17:15:52.925389+00;111080.00;111090.00;111090.00;111080.00;518649.06;1;111099.99;9.75;111100.00;0.19;0.01;0.0000;1082844.94;21481.19;1104326.12;96.1096;111100.00
4928;2025-09-07 17:15:54.586376+00;111090.00;111100.00;111100.00;111090.00;1730.94;;111099.99;9.73;111100.00;0.30;0.01;0.0000;1085769.09;33876.61;1119645.70;93.9487;111100.00
4929;2025-09-07 17:16:22.467666+00;111100.00;111090.00;111100.00;111090.00;918203.81;-1;111072.00;0.08;111072.01;11.18;0.01;0.0000;8680.28;1247964.12;1256644.39;-98.6185;111072.00
4930;2025-09-07 17:16:22.582564+00;111090.00;111080.00;111090.00;111080.00;1999.44;;111072.00;0.08;111072.01;11.18;0.01;0.0000;8680.28;1247964.12;1256644.39;-98.6185;111072.00
4931;2025-09-07 17:17:20.753244+00;111080.00;111070.00;111080.00;111070.00;157534.16;;111072.00;0.06;111072.01;8.01;0.01;0.0000;7780.59;908565.72;916346.31;-98.3018;111072.00
4932;2025-09-07 17:17:20.905068+00;111070.00;111060.00;111070.00;111060.00;56891.67;;111072.00;0.06;111072.01;8.01;0.01;0.0000;7780.59;908565.72;916346.31;-98.3018;111072.00
4933;2025-09-07 17:18:08.740411+00;111060.00;111050.00;111060.00;111050.00;365320.24;;111056.07;0.32;111056.08;10.72;0.01;0.0000;36479.70;1194515.87;1230995.56;-94.0731;111056.07
4934;2025-09-07 17:18:30.913657+00;111050.00;111040.00;111050.00;111040.00;588029.83;;111057.28;9.25;111057.29;1.47;0.01;0.0000;1032007.49;196812.59;1228820.08;67.9672;111057.29
4935;2025-09-07 17:18:31.03297+00;111040.00;111030.00;111040.00;111030.00;40723.96;;111057.28;9.25;111057.29;1.47;0.01;0.0000;1032007.49;196812.59;1228820.08;67.9672;111057.29
4936;2025-09-07 17:19:12.066689+00;111030.00;111020.00;111030.00;111020.00;197741.53;;111021.02;0.29;111021.03;14.21;0.01;0.0000;39452.39;1582316.13;1621768.52;-95.1346;111021.02
4937;2025-09-07 17:19:25.574004+00;111020.00;111010.00;111020.00;111010.00;181190.93;;111014.25;0.27;111014.26;14.31;0.01;0.0000;30541.13;1603935.20;1634476.33;-96.2629;111014.25
4938;2025-09-07 17:19:35.223419+00;111010.00;111000.00;111010.00;111000.00;141191.62;;111001.00;0.97;111001.01;12.84;0.01;0.0000;107611.03;1441833.27;1549444.30;-86.1097;111001.00
4939;2025-09-07 17:19:35.63338+00;111000.00;110990.00;111000.00;110990.00;246710.38;;110988.00;0.19;110988.01;10.53;0.01;0.0000;21711.47;1332919.90;1354631.37;-96.7945;110988.00
4940;2025-09-07 17:19:36.447189+00;110990.00;110980.00;110990.00;110980.00;19685.02;;110980.45;0.27;110980.46;13.82;0.01;0.0000;31931.29;1594913.62;1626844.91;-96.0745;110980.45
4941;2025-09-07 17:19:37.713697+00;110980.00;110990.00;110990.00;110980.00;1236629.71;1;110974.08;0.21;110974.09;10.56;0.01;0.0000;23247.96;1226262.77;1249510.73;-96.2789;110974.08
4942;2025-09-07 17:19:37.721768+00;110990.00;111000.00;111000.00;110990.00;5.55;;110974.08;0.21;110974.09;10.56;0.01;0.0000;23247.96;1226262.77;1249510.73;-96.2789;110974.08
4943;2025-09-07 17:19:51.25392+00;111000.00;110990.00;111000.00;110990.00;75395.20;-1;110982.53;1.00;110982.54;8.08;0.01;0.0000;111787.15;901745.35;1013532.50;-77.9411;110982.53
4944;2025-09-07 17:19:51.34562+00;110990.00;110980.00;110990.00;110980.00;1466.05;;110982.53;1.00;110982.54;8.08;0.01;0.0000;111787.15;901745.35;1013532.50;-77.9411;110982.53
4945;2025-09-07 17:19:55.328967+00;110980.00;110970.00;110980.00;110970.00;24848.41;;110971.80;0.05;110971.81;18.29;0.01;0.0000;5568.56;2359869.95;2365438.51;-99.5292;110971.80
4946;2025-09-07 17:20:07.529279+00;110970.00;110960.00;110970.00;110960.00;77470.16;;110963.83;1.29;110963.84;6.80;0.01;0.0000;143667.09;792462.81;936129.90;-69.3062;110963.83
4947;2025-09-07 17:20:18.007986+00;110960.00;110970.00;110970.00;110960.00;407812.69;1;110971.80;12.40;110971.81;1.12;0.01;0.0000;1432141.82;145293.17;1577434.99;81.5786;110971.81
4948;2025-09-07 17:20:18.00857+00;110970.00;110980.00;110980.00;110970.00;14.43;;110971.80;12.40;110971.81;1.12;0.01;0.0000;1432141.82;145293.17;1577434.99;81.5786;110971.81
4949;2025-09-07 17:20:18.706281+00;110980.00;110990.00;110990.00;110980.00;256035.94;;110982.53;10.49;110982.54;0.96;0.01;0.0000;1173036.50;106954.98;1279991.48;83.2882;110982.54
4950;2025-09-07 17:20:18.907195+00;110990.00;111000.00;111000.00;110990.00;12634.88;;110982.53;10.49;110982.54;0.96;0.01;0.0000;1173036.50;106954.98;1279991.48;83.2882;110982.54
4951;2025-09-07 17:20:27.167495+00;111000.00;110990.00;111000.00;110990.00;373376.98;-1;111002.51;2.42;111002.52;4.86;0.01;0.0000;268260.88;547896.25;816157.13;-34.2624;111002.51
4952;2025-09-07 17:20:27.17452+00;110990.00;110980.00;110990.00;110980.00;5.55;;111002.51;2.42;111002.52;4.86;0.01;0.0000;268260.88;547896.25;816157.13;-34.2624;111002.51
4953;2025-09-07 17:20:27.472436+00;110980.00;110970.00;110980.00;110970.00;36593.16;;110972.41;0.16;110972.42;12.55;0.01;0.0000;17871.00;1504777.17;1522648.17;-97.6526;110972.41
4954;2025-09-07 17:20:30.124222+00;110970.00;110960.00;110970.00;110960.00;8660.73;;110960.00;0.07;110960.01;12.96;0.01;0.0000;9959.77;1654161.38;1664121.15;-98.8030;110960.00
4955;2025-09-07 17:20:32.539206+00;110960.00;110950.00;110960.00;110950.00;53314.43;;110960.00;0.07;110960.01;12.95;0.01;0.0000;10146.18;1653269.26;1663415.44;-98.7801;110960.00
4956;2025-09-07 17:20:32.761409+00;110950.00;110940.00;110950.00;110940.00;11682.63;;110960.00;0.07;110960.01;12.95;0.01;0.0000;10146.18;1653269.26;1663415.44;-98.7801;110960.00
4957;2025-09-07 17:21:17.115667+00;110940.00;110950.00;110950.00;110940.00;570476.05;1;110944.01;4.02;110944.02;1.01;0.01;0.0000;456215.08;131359.94;587575.02;55.2874;110944.02
4958;2025-09-07 17:21:17.114824+00;110950.00;110960.00;110960.00;110950.00;1999.50;;110944.01;4.02;110944.02;1.01;0.01;0.0000;456215.08;131359.94;587575.02;55.2874;110944.02
4960;2025-09-07 17:22:10.127212+00;110960.00;110950.00;110960.00;110950.00;329279.86;-1;110944.01;0.24;110944.02;12.82;0.01;0.0000;27534.08;1517389.14;1544923.22;-96.4355;110944.01
4959;2025-09-07 17:22:10.127648+00;110950.00;110940.00;110950.00;110940.00;94.30;;110944.01;0.24;110944.02;12.82;0.01;0.0000;27534.08;1517389.14;1544923.22;-96.4355;110944.01
4961;2025-09-07 17:22:10.633478+00;110940.00;110930.00;110940.00;110930.00;27730.55;;110938.37;1.23;110938.38;11.80;0.01;0.0000;136801.43;1313219.77;1450021.20;-81.1311;110938.37
4962;2025-09-07 17:22:14.259221+00;110930.00;110920.00;110930.00;110920.00;165070.11;;110921.82;1.07;110921.83;9.51;0.01;0.0000;118772.87;1059606.30;1178379.17;-79.8413;110921.82
4963;2025-09-07 17:22:35.176978+00;110920.00;110930.00;110930.00;110920.00;170546.88;1;110935.99;8.13;110936.00;1.03;0.01;0.0000;963064.65;114177.55;1077242.20;78.8019;110936.00
4964;2025-09-07 17:22:35.292268+00;110930.00;110940.00;110940.00;110930.00;13.31;;110939.99;13.75;110940.00;0.93;0.01;0.0000;1539832.59;103149.79;1642982.38;87.4436;110940.00
4965;2025-09-07 17:22:52.55457+00;110940.00;110950.00;110950.00;110940.00;254150.58;;110944.01;13.28;110944.02;0.30;0.01;0.0000;1612441.02;33711.45;1646152.47;95.9042;110944.02
4966;2025-09-07 17:23:11.301542+00;110950.00;110960.00;110960.00;110950.00;386528.53;;110955.99;11.93;110956.00;1.21;0.01;0.0000;1330911.53;141747.41;1472658.94;80.7495;110956.00
4967;2025-09-07 17:23:11.438842+00;110960.00;110970.00;110970.00;110960.00;3185.72;;110955.99;11.93;110956.00;1.21;0.01;0.0000;1330911.53;141747.41;1472658.94;80.7495;110956.00
4968;2025-09-07 17:23:16.687651+00;110970.00;110980.00;110980.00;110970.00;84525.46;;110978.29;11.04;110978.30;0.05;0.01;0.0000;1999764.33;5177.14;2004941.47;99.4836;110978.30
4969;2025-09-07 17:23:16.759311+00;110980.00;110990.00;110990.00;110980.00;78878.28;;110978.29;11.04;110978.30;0.05;0.01;0.0000;1999764.33;5177.14;2004941.47;99.4836;110978.30
4970;2025-09-07 17:23:17.190456+00;110990.00;111000.00;111000.00;110990.00;15754.71;;110991.99;13.41;110992.00;0.05;0.01;0.0000;1518100.08;5176.67;1523276.75;99.3203;110992.00
4971;2025-09-07 17:23:40.372594+00;111000.00;111010.00;111010.00;111000.00;64811.75;;111001.88;6.54;111001.89;0.31;0.01;0.0000;948633.85;34975.59;983609.43;92.8883;111001.89
4972;2025-09-07 17:23:47.393012+00;111010.00;111020.00;111020.00;111010.00;40062.58;;111010.04;17.79;111010.05;0.20;0.01;0.0000;2241180.55;22706.00;2263886.54;97.9941;111010.05
4973;2025-09-07 17:27:05.471613+00;111020.00;111010.00;111020.00;111010.00;2071038.17;-1;111006.06;0.98;111006.07;11.32;0.01;0.0000;108753.75;1330370.04;1439123.78;-84.8861;111006.06
4974;2025-09-07 17:27:05.473464+00;111010.00;111000.00;111010.00;111000.00;5.55;;111006.06;0.98;111006.07;11.32;0.01;0.0000;108753.75;1330370.04;1439123.78;-84.8861;111006.06
4975;2025-09-07 17:27:13.139949+00;111000.00;110990.00;111000.00;110990.00;51108.62;;111000.00;0.81;111000.01;13.59;0.01;0.0000;90175.29;1518591.18;1608766.47;-88.7895;111000.00
4976;2025-09-07 17:29:28.10438+00;110990.00;110980.00;110990.00;110980.00;1070293.72;;110993.99;4.09;110994.00;4.68;0.01;0.0000;471899.77;520702.82;992602.60;-4.9167;110993.99
4977;2025-09-07 17:29:40.840765+00;110980.00;110970.00;110980.00;110970.00;87984.23;;110972.73;0.66;110972.74;10.80;0.01;0.0000;75144.07;1202754.74;1277898.81;-88.2394;110972.73
4978;2025-09-07 17:30:09.053638+00;110970.00;110960.00;110970.00;110960.00;75412.09;;110966.12;2.60;110966.13;13.52;0.01;0.0000;293993.63;1542832.02;1836825.65;-67.9889;110966.12
4979;2025-09-07 17:30:26.08124+00;110960.00;110950.00;110960.00;110950.00;109665.24;;110951.13;1.17;110951.14;15.13;0.01;0.0000;130195.60;1682893.58;1813089.18;-85.6383;110951.13
4980;2025-09-07 17:30:40.96195+00;110950.00;110940.00;110950.00;110940.00;326531.38;;110944.99;3.50;110945.00;6.86;0.01;0.0000;388345.19;767393.28;1155738.47;-32.7970;110944.99
4981;2025-09-07 17:30:42.714023+00;110940.00;110930.00;110940.00;110930.00;203285.55;;110940.00;0.78;110940.01;14.78;0.01;0.0000;87076.81;1684026.49;1771103.30;-90.1669;110940.00
4982;2025-09-07 17:30:42.857443+00;110930.00;110920.00;110930.00;110920.00;167801.57;;110940.00;0.78;110940.01;14.78;0.01;0.0000;87076.81;1684026.49;1771103.30;-90.1669;110940.00
4983;2025-09-07 17:30:43.251784+00;110920.00;110910.00;110920.00;110910.00;135483.26;;110940.00;0.78;110940.01;14.78;0.01;0.0000;87076.81;1684026.49;1771103.30;-90.1669;110940.00
4984;2025-09-07 17:30:49.384846+00;110910.00;110900.00;110910.00;110900.00;297761.73;;110905.88;0.00;110905.89;12.21;0.01;0.0000;168.58;1706421.67;1706590.25;-99.9802;110905.88
4985;2025-09-07 17:30:49.949229+00;110900.00;110890.00;110900.00;110890.00;27687.69;;110905.88;0.00;110905.89;12.21;0.01;0.0000;168.58;1706421.67;1706590.25;-99.9802;110905.88
4986;2025-09-07 17:31:23.643909+00;110890.00;110900.00;110900.00;110890.00;1348829.45;1;110909.17;10.62;110909.18;0.27;0.01;0.0000;1226463.19;35346.76;1261809.95;94.3975;110909.18
4987;2025-09-07 17:31:23.642671+00;110900.00;110910.00;110910.00;110900.00;68.76;;110909.17;10.62;110909.18;0.27;0.01;0.0000;1226463.19;35346.76;1261809.95;94.3975;110909.18
4988;2025-09-07 17:31:38.73229+00;110910.00;110920.00;110920.00;110910.00;77558.44;;110919.80;12.78;110919.81;0.10;0.01;0.0000;1446309.72;22887.21;1469196.93;96.8844;110919.81
4989;2025-09-07 17:31:38.743235+00;110920.00;110930.00;110930.00;110920.00;7521.55;;110919.80;12.78;110919.81;0.10;0.01;0.0000;1446309.72;22887.21;1469196.93;96.8844;110919.81
4990;2025-09-07 17:32:26.062227+00;110930.00;110940.00;110940.00;110930.00;532545.14;;110932.53;7.25;110932.54;0.51;0.01;0.0000;809629.95;61313.52;870943.48;85.9202;110932.54
4991;2025-09-07 17:32:39.308918+00;110940.00;110950.00;110950.00;110940.00;90000.58;;110941.97;12.73;110941.98;0.13;0.01;0.0000;1502925.07;14594.42;1517519.49;98.0765;110941.98
4992;2025-09-07 17:32:58.099358+00;110950.00;110960.00;110960.00;110950.00;96814.36;;110953.08;5.02;110953.09;4.04;0.01;0.0000;561357.08;457451.86;1018808.94;10.1987;110953.09
4993;2025-09-07 17:34:07.054932+00;110960.00;110970.00;110970.00;110960.00;596767.40;;110965.81;12.26;110965.82;0.21;0.01;0.0000;1376895.84;43475.30;1420371.14;93.8783;110965.82
4994;2025-09-07 17:34:07.07215+00;110970.00;110980.00;110980.00;110970.00;18311.99;;110965.81;12.26;110965.82;0.21;0.01;0.0000;1376895.84;43475.30;1420371.14;93.8783;110965.82
4995;2025-09-07 17:34:13.753776+00;110980.00;110990.00;110990.00;110980.00;39954.04;;110983.41;19.09;110983.42;0.03;0.01;0.0000;2547107.99;3406.08;2550514.07;99.7329;110983.42
4996;2025-09-07 17:34:36.229861+00;110990.00;111000.00;111000.00;110990.00;474654.74;;110993.68;6.11;110993.69;4.41;0.01;0.0000;686636.83;495324.90;1181961.72;16.1860;110993.69
4997;2025-09-07 17:35:19.51132+00;111000.00;111010.00;111010.00;111000.00;396438.72;;111003.66;15.13;111003.67;1.36;0.01;0.0000;1684708.10;159356.87;1844064.97;82.7168;111003.67
4998;2025-09-07 17:38:30.28811+00;111010.00;111020.00;111020.00;111010.00;2391010.23;;111017.79;19.96;111017.80;0.75;0.01;0.0000;2480936.25;83255.58;2564191.83;93.5063;111017.80
4999;2025-09-07 17:38:45.302062+00;111020.00;111030.00;111030.00;111020.00;143203.31;;111029.43;10.84;111029.44;1.92;0.01;0.0000;1220552.02;213534.04;1434086.06;70.2202;111029.44
5000;2025-09-07 17:38:50.666559+00;111030.00;111040.00;111040.00;111030.00;48947.89;;111038.34;10.25;111038.35;1.39;0.01;0.0000;1143327.35;154197.85;1297525.20;76.2320;111038.35
5001;2025-09-07 17:38:58.675175+00;111040.00;111050.00;111050.00;111040.00;109820.54;;111048.96;20.73;111048.97;0.12;0.01;0.0000;2418684.79;13162.63;2431847.42;98.9175;111048.97
5002;2025-09-07 17:41:24.423514+00;111050.00;111060.00;111060.00;111050.00;2031405.70;;111057.54;13.82;111057.55;0.13;0.01;0.0000;1590391.39;14491.90;1604883.29;98.1940;111057.55
5003;2025-09-07 17:41:29.32664+00;111060.00;111070.00;111070.00;111060.00;15317.13;;111067.99;14.71;111068.00;0.04;0.01;0.0000;1650208.12;4532.69;1654740.80;99.4522;111068.00